model_id,aucpr,auc,logloss,mean_per_class_error,rmse,mse
DeepLearning_grid_3_AutoML_2_20250929_105731_model_28,0.9121255791760348,0.7379301397411772,0.4465661119848384,0.4797580416730557,0.3777821698110846,0.1427193678271712
DeepLearning_grid_1_AutoML_2_20250929_105731_model_72,0.9120715669168984,0.7370025094361341,0.4655712688875941,0.5,0.3784339012245556,0.1432122175960367
DeepLearning_grid_1_AutoML_2_20250929_105731_model_28,0.9120353663905656,0.7390439181016981,0.4439894651724129,0.4673529950493116,0.3748401537693053,0.1405051408777964
DeepLearning_grid_3_AutoML_2_20250929_105731_model_34,0.9120149168155312,0.7379627073705121,0.4547379262387181,0.460456998886222,0.3816110856053691,0.1456270206569083
DeepLearning_grid_3_AutoML_2_20250929_105731_model_94,0.911899667767222,0.737208289688737,0.4451196496603298,0.4988868757182921,0.3774045029949207,0.1424341588808431
DeepLearning_grid_3_AutoML_2_20250929_105731_model_33,0.9118206932251188,0.7375271104117916,0.4543753853136864,0.4673341906875213,0.3824764025114452,0.1462881984780971
DeepLearning_grid_3_AutoML_2_20250929_105731_model_204,0.9117485959742572,0.7371645450701296,0.4609384145345544,0.4706437128357109,0.384664919885355,0.1479671005904066
DeepLearning_grid_3_AutoML_2_20250929_105731_model_45,0.9117112312356176,0.7367096068554367,0.4465347905856598,0.4780375215678482,0.3780045447336033,0.1428874358392586
DeepLearning_grid_3_AutoML_2_20250929_105731_model_95,0.9116771221880606,0.7369040040354508,0.4584002666660998,0.4714182131346173,0.3829538388214233,0.1466536426680647
DeepLearning_grid_3_AutoML_2_20250929_105731_model_7,0.9116426043473852,0.7372541503654483,0.4466130147032302,0.4647117938223649,0.377816732112517,0.1427454830641813
DeepLearning_grid_3_AutoML_2_20250929_105731_model_87,0.9116140126289805,0.7365849586411729,0.4577303097353245,0.4696666733147618,0.3818184644267867,0.1457853397772294
DeepLearning_grid_3_AutoML_2_20250929_105731_model_74,0.9115758192167676,0.7375861333470557,0.4462009053801329,0.4734393234016952,0.3775324130206393,0.1425307228811866
DeepLearning_grid_3_AutoML_2_20250929_105731_model_1,0.9115282879830396,0.7363895678163063,0.4412980821748121,0.4825567857830076,0.37501323903264,0.140634929449752
DeepLearning_grid_3_AutoML_2_20250929_105731_model_201,0.9115179104594148,0.7360433264284152,0.4706407277494019,0.4815670542236737,0.3885813721208406,0.1509954827593151
DeepLearning_grid_3_AutoML_2_20250929_105731_model_76,0.911384142648867,0.7365776319078459,0.4440435857432611,0.4655372356272467,0.3762561384652871,0.1415686817328093
DeepLearning_grid_1_AutoML_2_20250929_105731_model_74,0.9113342456941566,0.7362819628269959,0.4810524138103988,0.5,0.3789558587238985,0.1436075428611673
DeepLearning_grid_1_AutoML_2_20250929_105731_model_42,0.9112935616469132,0.7359903748692834,0.4432414534960228,0.4741084398314779,0.3760168043311769,0.1413886371394306
DeepLearning_grid_1_AutoML_2_20250929_105731_model_45,0.9112866068203505,0.7352885279639375,0.5969419490780319,0.5,0.3794204091112125,0.1439598468501199
DeepLearning_grid_1_AutoML_2_20250929_105731_model_76,0.9112727268664932,0.7362000195208044,0.5690351391832158,0.5,0.3780505388525339,0.1429222099266912
DeepLearning_grid_3_AutoML_2_20250929_105731_model_24,0.911272602722013,0.735506168782826,0.4424213558784052,0.4626650807338733,0.3756101520452599,0.1410829863194632
DeepLearning_grid_3_AutoML_2_20250929_105731_model_84,0.9112188218100072,0.7356949561863974,0.485388886518374,0.4765301619224768,0.3947864624794612,0.155856350957047
DeepLearning_grid_2_AutoML_2_20250929_105731_model_78,0.9112162333567136,0.7352346674830942,0.442454768813167,0.4802202131427609,0.3755890501505676,0.1410671345930056
DeepLearning_grid_1_AutoML_2_20250929_105731_model_78,0.9112059025254606,0.7359682531048806,0.4512812740012211,0.4678137333644512,0.3761098986265817,0.1414586558448975
DeepLearning_grid_3_AutoML_2_20250929_105731_model_197,0.9112044271050036,0.7363614379824108,0.4464803002168128,0.4740329613454493,0.3779818580207755,0.1428702849928377
DeepLearning_grid_1_AutoML_2_20250929_105731_model_32,0.9111985997808628,0.7349858873404174,0.5963476573173611,0.5,0.3793559667256502,0.1439109494903526
DeepLearning_grid_2_AutoML_2_20250929_105731_model_1,0.9111957696862888,0.7350369134348391,0.473459172560148,0.5,0.3803944873765084,0.1446999660264366
DeepLearning_grid_1_AutoML_2_20250929_105731_model_85,0.9111798655690831,0.7360248691755833,0.454802360731625,0.5,0.3784351537127461,0.1432131655655898
DeepLearning_grid_3_AutoML_2_20250929_105731_model_205,0.9111425416571696,0.7359539249265983,0.4518950761011363,0.4626039430874549,0.3791424021781331,0.1437489611294052
DeepLearning_grid_1_AutoML_2_20250929_105731_model_33,0.9111192138199308,0.7357734872647117,0.530950339814511,0.5,0.3815868354737737,0.1456085130068888
DeepLearning_grid_1_AutoML_2_20250929_105731_model_39,0.911101544122108,0.7359197149613971,0.443004025182151,0.4817630044367839,0.3757902541424064,0.1412183151084144
DeepLearning_grid_1_AutoML_2_20250929_105731_model_24,0.911096216466555,0.7336786624770368,0.5998031431988187,0.5,0.3804114887309967,0.1447129007585332
DeepLearning_grid_1_AutoML_2_20250929_105731_model_44,0.9110623628069102,0.7360108141587164,0.4422719935734446,0.4689895894076419,0.375064549805256,0.1406734165206193
DeepLearning_grid_2_AutoML_2_20250929_105731_model_9,0.9110288285454192,0.7356072068531803,0.4447155041870256,0.4695224085279905,0.3769509290731463,0.1420920029291081
DeepLearning_1_AutoML_2_20250929_105731,0.9109969859780186,0.7350823678714967,0.4536823828586249,0.4667167018999321,0.3813995124121555,0.1454655880682299
DeepLearning_grid_2_AutoML_2_20250929_105731_model_33,0.9109608967268824,0.735612193261265,0.4853294427128864,0.5,0.3808065987061329,0.1450136656181337
DeepLearning_grid_1_AutoML_2_20250929_105731_model_7,0.9109581336042224,0.7349750833215388,0.4536008460454142,0.5,0.3796126401275627,0.1441057565446184
DeepLearning_grid_1_AutoML_2_20250929_105731_model_16,0.9109404559263142,0.7353503665630213,0.5838192523418113,0.5,0.3857395379792608,0.1487949911604536
DeepLearning_grid_3_AutoML_2_20250929_105731_model_20,0.9109343272257608,0.7369219252022704,0.4431597259244896,0.4696613626958652,0.3744940767303376,0.140245813506108
DeepLearning_grid_2_AutoML_2_20250929_105731_model_29,0.9109183387954306,0.7354170144462936,0.4479150063323681,0.4698754249385788,0.3783114828751742,0.1431195780752132
DeepLearning_grid_2_AutoML_2_20250929_105731_model_24,0.91090615319607,0.734272300151401,0.4545268862225993,0.4742309823591509,0.3818825214789977,0.145834260211157
DeepLearning_grid_3_AutoML_2_20250929_105731_model_41,0.9109048192241698,0.7338475788692872,0.4440513949597578,0.5,0.3759449334442384,0.1413345929823929
DeepLearning_grid_3_AutoML_2_20250929_105731_model_72,0.9108679204279412,0.7348814241114682,0.4460767137245872,0.4720775585213076,0.3775370270492237,0.1425342067931662
DeepLearning_grid_1_AutoML_2_20250929_105731_model_83,0.9108625123439142,0.7358698274436242,0.4464815643723059,0.4770792864086893,0.3760776495576937,0.1414343984968394
DeepLearning_grid_3_AutoML_2_20250929_105731_model_22,0.9108359160087324,0.7344865527181186,0.4459834875701503,0.4810670614817126,0.3773487542325784,0.1423920823208788
DeepLearning_grid_1_AutoML_2_20250929_105731_model_43,0.910820004680454,0.7349763388134286,0.4442895562888723,0.4793794740292302,0.3761620737988171,0.1414979057646267
DeepLearning_grid_3_AutoML_2_20250929_105731_model_42,0.9108114310954052,0.7355784528427568,0.4438404167127311,0.4681326481046005,0.3758673589762488,0.1412762715437803
DeepLearning_grid_2_AutoML_2_20250929_105731_model_74,0.9108093160324192,0.7346678000315179,0.4422067351684486,0.4695184763774985,0.3752232771083794,0.1407925076839517
DeepLearning_grid_2_AutoML_2_20250929_105731_model_7,0.9108026904346151,0.7352980255762245,0.4665182548245088,0.5,0.3850571174736525,0.1482689837171182
DeepLearning_grid_1_AutoML_2_20250929_105731_model_20,0.9108017183284608,0.7342951996446068,0.4609946677534006,0.5,0.3802195420801926,0.1445669001796713
DeepLearning_grid_3_AutoML_2_20250929_105731_model_85,0.910777123949262,0.7352714763878956,0.4589991556078611,0.4649852417339184,0.3836075867716854,0.1471547806287961
DeepLearning_grid_2_AutoML_2_20250929_105731_model_2,0.910774155411948,0.7351358214388116,0.4441780930417681,0.4795701652116203,0.3759318577985742,0.1413247617078874
DeepLearning_grid_3_AutoML_2_20250929_105731_model_4,0.9107297894347034,0.7349660439415668,0.4438930662552987,0.4887804772861858,0.3758367205985682,0.1412532405502862
DeepLearning_grid_1_AutoML_2_20250929_105731_model_34,0.91071144612796,0.7356879656517354,0.5687919618404276,0.5,0.3780426507678327,0.1429162457995695
DeepLearning_grid_1_AutoML_2_20250929_105731_model_1,0.910695251361714,0.7351175186811193,0.4435949992340318,0.4688966881262121,0.3755516522861271,0.1410390435348401
DeepLearning_grid_2_AutoML_2_20250929_105731_model_75,0.9106912904330128,0.7346069383751093,0.4441405591789264,0.4745844238670897,0.3762408171095695,0.1415571524592765
DeepLearning_grid_2_AutoML_2_20250929_105731_model_67,0.9106903671376176,0.7357084852193752,0.4472049831648569,0.471083257165456,0.3772431202222803,0.1423123717550418
DeepLearning_grid_2_AutoML_2_20250929_105731_model_93,0.9106867538819609,0.7344716551841645,0.445878981243173,0.4768367003492696,0.3763433676011461,0.1416343303373714
DeepLearning_grid_1_AutoML_2_20250929_105731_model_36,0.910661891520558,0.7334269299551377,0.4889872243629648,0.5,0.3812454066993974,0.1453480601293889
DeepLearning_grid_1_AutoML_2_20250929_105731_model_17,0.9106489575417008,0.7351657458138986,0.4498853967599496,0.4730779691025803,0.3788994180021562,0.1435647689623727
DeepLearning_grid_3_AutoML_2_20250929_105731_model_29,0.9106150159861324,0.7351099812848467,0.447914113110736,0.4698163580927518,0.3772175973631318,0.1422931157604138
DeepLearning_grid_3_AutoML_2_20250929_105731_model_195,0.9105825118191256,0.734246216603611,0.4473797673990407,0.4697153283734862,0.3772702882851422,0.1423328704227543
DeepLearning_grid_3_AutoML_2_20250929_105731_model_78,0.9105485130512898,0.7343662525924389,0.4448117936348982,0.4692962341087723,0.3762263138542703,0.1415462392363719
DeepLearning_grid_3_AutoML_2_20250929_105731_model_60,0.9105309825449508,0.7354533028897001,0.4458090776429085,0.4793600867075753,0.3759363035877228,0.1413281043552005
DeepLearning_grid_1_AutoML_2_20250929_105731_model_22,0.9105253069196138,0.7337657865561661,0.45650295028147,0.4775003451996569,0.3813968478944666,0.1454635555838349
DeepLearning_grid_2_AutoML_2_20250929_105731_model_22,0.9105216673890584,0.7349950098271907,0.4433630460544038,0.4869003403993973,0.3757673763180834,0.1412011211049761
DeepLearning_grid_3_AutoML_2_20250929_105731_model_25,0.9105091772752644,0.7342304840954883,0.4617477791745802,0.4731038876490224,0.385951294904069,0.1489584020381276
DeepLearning_grid_1_AutoML_2_20250929_105731_model_84,0.9104944237780744,0.7345479643341222,0.4538273365412017,0.4663762743513754,0.3810598927320258,0.1452066418489429
DeepLearning_grid_3_AutoML_2_20250929_105731_model_32,0.9104914669098026,0.7340666369487341,0.4780924820291169,0.4890861139301011,0.3928400854310457,0.1543233327214712
DeepLearning_grid_2_AutoML_2_20250929_105731_model_28,0.9104862916430476,0.7345493942560083,0.5132732668767166,0.5,0.3869156514760025,0.1497037213570994
DeepLearning_grid_2_AutoML_2_20250929_105731_model_25,0.91042077493014,0.7342119818545337,0.4458338305566129,0.4809461130691039,0.3765667502309463,0.1418025173794959
DeepLearning_grid_3_AutoML_2_20250929_105731_model_70,0.910382909470238,0.7335727316116076,0.4435558230075533,0.4748923985464326,0.3759315891146114,0.141324559694237
DeepLearning_grid_2_AutoML_2_20250929_105731_model_76,0.9103647620764572,0.7335796002473146,0.4475789325186841,0.4833469053115601,0.3783623876658545,0.1431580964002064
DeepLearning_grid_2_AutoML_2_20250929_105731_model_30,0.910355885890677,0.7338955620694616,0.4476526557408696,0.4840928302055837,0.3776519286258343,0.1426209791948123
DeepLearning_grid_1_AutoML_2_20250929_105731_model_63,0.9103540008928358,0.7346524192119828,0.4684802436267458,0.5,0.3788280654360435,0.1435107031620152
DeepLearning_grid_3_AutoML_2_20250929_105731_model_44,0.910345613396667,0.7348249211845469,0.4726481892426178,0.4752557204697858,0.3883350344185581,0.1508040989568626
DeepLearning_grid_3_AutoML_2_20250929_105731_model_81,0.91032993327572,0.733931887553987,0.4582091751326489,0.4838582116235012,0.3838443339119419,0.1473364726763024
DeepLearning_grid_2_AutoML_2_20250929_105731_model_17,0.9102706087649332,0.7339637244630663,0.4640602987656608,0.4693662957015665,0.3857668087144004,0.1488160307056927
DeepLearning_grid_2_AutoML_2_20250929_105731_model_5,0.9102297104082904,0.7340446152626998,0.4470002356969901,0.4779880163144227,0.3780469077808736,0.1429194644826803
DeepLearning_grid_2_AutoML_2_20250929_105731_model_81,0.9102056907135844,0.7325174282471805,0.4522721184307238,0.4693190222092313,0.3794858003246665,0.1440094726480527
DeepLearning_grid_1_AutoML_2_20250929_105731_model_25,0.9101927081362564,0.7343933832589877,0.4492612015775967,0.4816926756091533,0.3770107887399226,0.1421371348262985
DeepLearning_grid_3_AutoML_2_20250929_105731_model_83,0.9101716037557572,0.7337933685855862,0.4553862144128086,0.4747720330936886,0.3819733036911154,0.1459036047327051
DeepLearning_grid_3_AutoML_2_20250929_105731_model_206,0.9101559015307412,0.7320314045866902,0.4528946967856774,0.4721489469943298,0.3813531217031038,0.1454302034327023
DeepLearning_grid_1_AutoML_2_20250929_105731_model_4,0.910155129940328,0.7327330767926497,0.4932984362118581,0.5,0.3807158298190434,0.1449445430748028
DeepLearning_grid_2_AutoML_2_20250929_105731_model_103,0.9101421228144486,0.7331658025932196,0.4440258584027049,0.4799456508996546,0.3761836061828451,0.1415141055607299
DeepLearning_grid_1_AutoML_2_20250929_105731_model_60,0.9101057562293252,0.7341019221839445,0.4513188337905874,0.4813509180823841,0.3770726466260514,0.142183780833575
DeepLearning_grid_1_AutoML_2_20250929_105731_model_67,0.9101021883868288,0.7325114414594943,0.4472238378796019,0.4828225850402367,0.3773257960570059,0.1423747563700532
DeepLearning_grid_2_AutoML_2_20250929_105731_model_72,0.9100953798940592,0.7331128603280413,0.4447138637335008,0.4751370554064438,0.3765397219324277,0.14178216219295
DeepLearning_grid_1_AutoML_2_20250929_105731_model_29,0.910088607047691,0.7340960048988672,0.4526294201570737,0.4741480130813122,0.3792528002117636,0.1438326864684639
DeepLearning_grid_3_AutoML_2_20250929_105731_model_43,0.910080406943324,0.7334981060141796,0.4434402727241275,0.4816358405244165,0.3759878996731249,0.1413669007006078
DeepLearning_grid_3_AutoML_2_20250929_105731_model_5,0.91007365346991,0.7332292367890125,0.4429968139329278,0.4773897569859742,0.375733362627779,0.1411755597915781
DeepLearning_grid_3_AutoML_2_20250929_105731_model_13,0.9100399353214776,0.731520263410792,0.453014090222548,0.4999835336736374,0.3805029025011334,0.144782458811787
DeepLearning_grid_2_AutoML_2_20250929_105731_model_20,0.9100272972550186,0.7321848985386574,0.535969684714695,0.5,0.3816611533664181,0.1456652359889845
DeepLearning_grid_3_AutoML_2_20250929_105731_model_66,0.9100159132621786,0.7334181234627827,0.4467840948184937,0.4810210085952677,0.3777386706749756,0.1426865033232977
DeepLearning_grid_1_AutoML_2_20250929_105731_model_56,0.910003509331616,0.7332214228639502,0.4466867060289123,0.4829516072045202,0.3769156606947762,0.1420654152769797
DeepLearning_grid_1_AutoML_2_20250929_105731_model_27,0.9099101388987824,0.7324584350795064,0.4494816223273792,0.4797925137546841,0.3780233001935318,0.142901615489209
DeepLearning_grid_2_AutoML_2_20250929_105731_model_19,0.9099068604703864,0.7335109349026621,0.4463553289641121,0.4664892552866469,0.3775286883678599,0.1425279105407567
DeepLearning_grid_3_AutoML_2_20250929_105731_model_199,0.9098924398846098,0.7335707326034395,0.4578781980673523,0.480950521905123,0.3838076406337046,0.1473083050088109
DeepLearning_grid_3_AutoML_2_20250929_105731_model_27,0.9098620305197592,0.7319370953386558,0.4706828423194084,0.474056332405773,0.3879966178312129,0.1505413754484603
DeepLearning_grid_3_AutoML_2_20250929_105731_model_73,0.9098605338546552,0.7334910964875258,0.4504076066474,0.4789864076832806,0.3799371732022983,0.1443522555809532
DeepLearning_grid_1_AutoML_2_20250929_105731_model_11,0.9098594001377388,0.7305365981091813,0.5490228722012381,0.5,0.3851683469715665,0.148354655508809
DeepLearning_grid_1_AutoML_2_20250929_105731_model_70,0.9098525746887026,0.7309736666105361,0.4845322188019271,0.5,0.3841375071647803,0.1475616244107716
DeepLearning_grid_3_AutoML_2_20250929_105731_model_39,0.909830857839774,0.7321976305814506,0.4589848700126793,0.5,0.384285360366683,0.1476752381921514
DeepLearning_grid_1_AutoML_2_20250929_105731_model_59,0.9098134763603783,0.731793793620977,0.4728486666406058,0.5,0.3856808723931398,0.1487497353299333
DeepLearning_grid_2_AutoML_2_20250929_105731_model_11,0.9097965847129956,0.7324440104596199,0.450111350174762,0.4822032380007312,0.379283551960077,0.1438560127874524
DeepLearning_grid_3_AutoML_2_20250929_105731_model_71,0.9097949512459768,0.7329472559506043,0.451350307404149,0.4750130797242051,0.3804199589706233,0.1447193451832107
DeepLearning_grid_3_AutoML_2_20250929_105731_model_23,0.9097883885640564,0.7311717755800583,0.4499310509677166,0.4941217309392466,0.37940445862715,0.1439477432261608
DeepLearning_grid_3_AutoML_2_20250929_105731_model_6,0.909782995118102,0.7327329501793705,0.4557258566102043,0.4725698479227833,0.3826629052555917,0.1464308990586499
DeepLearning_grid_3_AutoML_2_20250929_105731_model_17,0.9097675719388444,0.731366547750891,0.4715810181714412,0.5,0.3899906066336488,0.1520926732624814
DeepLearning_grid_3_AutoML_2_20250929_105731_model_11,0.9097430868334664,0.7335508913597087,0.447709184730951,0.4860225786201352,0.3785430496572153,0.143294840443785
DeepLearning_grid_3_AutoML_2_20250929_105731_model_208,0.9097263918966942,0.7322325348992634,0.4466077436053178,0.4964221311084629,0.3764018729873981,0.1416783699884214
DeepLearning_grid_3_AutoML_2_20250929_105731_model_2,0.9097193852703248,0.7336867627636224,0.4438300957824109,0.4840404039568659,0.3758743862569729,0.141281554244056
DeepLearning_grid_3_AutoML_2_20250929_105731_model_89,0.9097120254904516,0.7331425677095188,0.4445866491993241,0.4820847338978878,0.3762304298434183,0.1415493363401633
DeepLearning_grid_2_AutoML_2_20250929_105731_model_6,0.9097017342245836,0.7314800075268093,0.4656009077506284,0.4844326201081146,0.387133596389222,0.149872421453253
DeepLearning_grid_1_AutoML_2_20250929_105731_model_40,0.9096817201660002,0.731855600162656,0.4507730486095185,0.4836138189003419,0.3778491421679135,0.142769974237028
DeepLearning_grid_2_AutoML_2_20250929_105731_model_16,0.9096712894338468,0.7346276451687686,0.4599499482290072,0.4710817146385682,0.3825549162714518,0.1463482639634575
DeepLearning_grid_3_AutoML_2_20250929_105731_model_12,0.9096517420340796,0.7322834847563275,0.452928365446531,0.4928593469768992,0.3807179927738559,0.1449461900217537
DeepLearning_grid_3_AutoML_2_20250929_105731_model_56,0.9096430849785482,0.7328117113167072,0.4441386928461797,0.4822772833321941,0.3761923885989567,0.1415207132397884
DeepLearning_grid_2_AutoML_2_20250929_105731_model_27,0.9096345112591956,0.730884541368119,0.4668854990809128,0.4999670673472748,0.3878678635631273,0.1504414795850247
DeepLearning_grid_3_AutoML_2_20250929_105731_model_86,0.9095996815684784,0.7321698397748146,0.4450162432360606,0.4755545039679168,0.3767531192557784,0.1419429128689587
DeepLearning_grid_3_AutoML_2_20250929_105731_model_200,0.9095970581651556,0.7325074787332423,0.4658120997122968,0.4769796382558128,0.3866155996618302,0.1494716219018765
DeepLearning_grid_3_AutoML_2_20250929_105731_model_18,0.9095802053838028,0.7309130861972416,0.4554608903264657,0.4766028256875504,0.3803479500146548,0.1446645630803503
DeepLearning_grid_2_AutoML_2_20250929_105731_model_23,0.9095726847143412,0.7301951385277035,0.4681918056915153,0.5,0.3802275681864545,0.1445730036089849
DeepLearning_grid_2_AutoML_2_20250929_105731_model_32,0.9095539321414092,0.7320471661889281,0.4826849879560398,0.5,0.3902466197783901,0.1522924242484594
DeepLearning_grid_3_AutoML_2_20250929_105731_model_8,0.9095474109092287,0.7324990927586085,0.4482020087613835,0.4886317489772344,0.3786568276640112,0.1433809931365727
DeepLearning_grid_2_AutoML_2_20250929_105731_model_83,0.9095425248302748,0.732030225736243,0.4594358819183705,0.4806008515871776,0.384549498143045,0.1478783165220678
DeepLearning_grid_2_AutoML_2_20250929_105731_model_12,0.9095357687760016,0.7315486925369286,0.4537426362846497,0.4983837494323633,0.3811428591224288,0.1452698790600196
DeepLearning_grid_3_AutoML_2_20250929_105731_model_15,0.9095321377855626,0.7329402562566837,0.4444364246619076,0.4768039802452197,0.3764407217736489,0.1417076170094657
DeepLearning_grid_1_AutoML_2_20250929_105731_model_21,0.9095163236190654,0.7320231933114428,0.4742597098815345,0.5,0.3851235633043008,0.1483201590122018
DeepLearning_grid_3_AutoML_2_20250929_105731_model_62,0.9095066325318372,0.7328762296723778,0.4456449763429414,0.4759663746756566,0.3759970953827711,0.1413738157362807
DeepLearning_grid_1_AutoML_2_20250929_105731_model_79,0.9095011591284988,0.7311925431211527,0.4495974652563368,0.4971810699618686,0.3790897210353395,0.1437090165946515
DeepLearning_grid_3_AutoML_2_20250929_105731_model_198,0.9094944124985463,0.7321077758310327,0.4507598285507904,0.4788635463325947,0.3800542864861461,0.1444412606764936
DeepLearning_grid_3_AutoML_2_20250929_105731_model_61,0.9094833301869252,0.7306087771070293,0.4721421616504022,0.4790405343214004,0.389059051780787,0.1513669457725651
DeepLearning_grid_3_AutoML_2_20250929_105731_model_192,0.9094745661912608,0.7323330418673195,0.4535657001571116,0.4907046478470044,0.380636466692699,0.1448841197763021
DeepLearning_grid_3_AutoML_2_20250929_105731_model_10,0.9093837599278024,0.7285241212514116,0.4666964593459421,0.4999670673472748,0.3866414448958278,0.1494916069111334
DeepLearning_grid_2_AutoML_2_20250929_105731_model_100,0.9093678532748,0.7294204414394343,0.4614141598118754,0.4881693102726928,0.3855133391182986,0.1486205346381403
DeepLearning_grid_2_AutoML_2_20250929_105731_model_18,0.909359635894992,0.7302776408180534,0.4457381662226797,0.4815504816229735,0.3768873427551199,0.1420440691290153
DeepLearning_grid_2_AutoML_2_20250929_105731_model_68,0.9093477587547392,0.7309668685549977,0.4443756975754936,0.4713275952024542,0.3762920906050127,0.141595737451891
DeepLearning_grid_2_AutoML_2_20250929_105731_model_101,0.909330939411416,0.7309210606787176,0.4492255919401312,0.4945211190592926,0.3791066319141931,0.1437218383613235
DeepLearning_grid_3_AutoML_2_20250929_105731_model_46,0.909296165727472,0.73007140489234,0.4467174670305021,0.4859057202205328,0.3774819995701017,0.1424926599994422
DeepLearning_grid_3_AutoML_2_20250929_105731_model_69,0.9092860731560308,0.7312138106500051,0.4469926698880738,0.4857911998563581,0.3778498400458668,0.1427705016226871
DeepLearning_grid_3_AutoML_2_20250929_105731_model_14,0.9092552254650756,0.7305731510935245,0.4459315564658657,0.4857941208516504,0.3770279695879442,0.1421500898516078
DeepLearning_grid_2_AutoML_2_20250929_105731_model_10,0.9092008759011672,0.7306659021900537,0.4493390623554507,0.4769472369747757,0.3781153226311187,0.1429711972084349
DeepLearning_grid_2_AutoML_2_20250929_105731_model_73,0.909194691038996,0.7291152276030548,0.4617657398043535,0.4999546910339184,0.3855804329392969,0.1486722702656556
DeepLearning_grid_1_AutoML_2_20250929_105731_model_41,0.909165124849554,0.7334360610623897,0.4476096560022193,0.4658557283680299,0.3753316781713236,0.140873868638902
DeepLearning_grid_3_AutoML_2_20250929_105731_model_207,0.9091582408006158,0.7314113311371686,0.4453826475600303,0.4845928229475448,0.3762932507730731,0.1415966105773669
DeepLearning_grid_1_AutoML_2_20250929_105731_model_3,0.9091498814868992,0.7331421240242614,0.4490008235919057,0.4801636968810369,0.3771393074540322,0.142234057226907
DeepLearning_grid_1_AutoML_2_20250929_105731_model_23,0.9091312171432654,0.7295163644679998,0.4714374293258577,0.5,0.3829189426921352,0.1466269166724627
DeepLearning_grid_3_AutoML_2_20250929_105731_model_26,0.9091117060628672,0.7309956672841539,0.4449843097002135,0.4740071459753605,0.3765319014918545,0.1417762728410716
DeepLearning_grid_1_AutoML_2_20250929_105731_model_49,0.9090914667055904,0.7302330795437946,0.4763406029273847,0.4995878104692472,0.3916384620314242,0.1533806849423393
DeepLearning_grid_3_AutoML_2_20250929_105731_model_68,0.9090729635603306,0.731564865497629,0.4450064587139513,0.4884314446142662,0.3764757024951315,0.1417339545692027
DeepLearning_grid_3_AutoML_2_20250929_105731_model_3,0.9090724179817538,0.7296554045712704,0.5076113970750334,0.5,0.3928063261342157,0.1542968098510598
DeepLearning_grid_1_AutoML_2_20250929_105731_model_55,0.909046754422379,0.7300502146784049,0.5140674543081359,0.5,0.381671259209607,0.1456729501066469
DeepLearning_grid_2_AutoML_2_20250929_105731_model_77,0.9090307009256672,0.7341612950567615,0.4726133546532943,0.4726026227129942,0.3894915459183136,0.1517036643418377
DeepLearning_grid_3_AutoML_2_20250929_105731_model_9,0.9090289373517378,0.7335304433151022,0.4488073788822321,0.46824090138084,0.3786726187814384,0.1433929522147925
DeepLearning_grid_3_AutoML_2_20250929_105731_model_38,0.9090022281834916,0.7316182778482807,0.4652822683532606,0.4974941427114331,0.387381579966993,0.1500644884977238
DeepLearning_grid_3_AutoML_2_20250929_105731_model_90,0.908987671975846,0.732094747324593,0.445687039439711,0.4834196237627948,0.3768794851774877,0.1420381463476481
DeepLearning_grid_2_AutoML_2_20250929_105731_model_8,0.9089303961719932,0.7310885549613907,0.446210047460249,0.5,0.3769635318411921,0.1421015043381855
DeepLearning_grid_3_AutoML_2_20250929_105731_model_58,0.9089295126184888,0.7299986247508053,0.4469499493973206,0.4800777003335682,0.3776230057315693,0.1425991344577448
DeepLearning_grid_3_AutoML_2_20250929_105731_model_37,0.908917835167846,0.7300905341384173,0.4705200636487427,0.4982976466105571,0.389800386480808,0.1519443413005873
DeepLearning_grid_1_AutoML_2_20250929_105731_model_69,0.908888383502364,0.7312104920351378,0.4486592812680462,0.4830420125880081,0.3777761337936172,0.1427148072640529
DeepLearning_grid_3_AutoML_2_20250929_105731_model_203,0.908867829425101,0.7316387118846095,0.4711319574607287,0.4692466225810093,0.3891387136114183,0.1514289384311494
DeepLearning_grid_3_AutoML_2_20250929_105731_model_93,0.9088615928181528,0.7297319435108603,0.4516264683833728,0.4881305872175595,0.3798701170433207,0.1443013058225061
DeepLearning_grid_3_AutoML_2_20250929_105731_model_77,0.9088573884103324,0.7314491173887301,0.4446947926710468,0.4831741682962592,0.37617939790556,0.1415109394085896
DeepLearning_grid_3_AutoML_2_20250929_105731_model_50,0.9088565445092028,0.7299320314189991,0.4528827106462583,0.5,0.3812977487870351,0.1453879732300609
DeepLearning_grid_2_AutoML_2_20250929_105731_model_89,0.9088431769349784,0.7324270799743633,0.4480186681864,0.4794868771107688,0.3771171739127669,0.142217362859952
DeepLearning_grid_2_AutoML_2_20250929_105731_model_91,0.9088361382647508,0.7294059389658505,0.4493525036040608,0.4760821703318829,0.3783570944420434,0.1431540909146254
DeepLearning_grid_3_AutoML_2_20250929_105731_model_191,0.9088226569776704,0.7317362856001302,0.4684899482984494,0.4879547166582911,0.3866311548852493,0.1494836499279016
DeepLearning_grid_2_AutoML_2_20250929_105731_model_15,0.9087676294382996,0.7307478693372563,0.4545120238799077,0.5,0.3789644048881529,0.1436140201722319
DeepLearning_grid_3_AutoML_2_20250929_105731_model_47,0.9087503789527392,0.7290307159330233,0.4628657383904082,0.490614136189179,0.3861394432102676,0.1491036696027354
DeepLearning_grid_2_AutoML_2_20250929_105731_model_85,0.9087161285881002,0.7314527491694213,0.4537009452227509,0.4829550595715008,0.3779855984774645,0.142873112656367
DeepLearning_grid_2_AutoML_2_20250929_105731_model_21,0.9087099733694154,0.7310780922595864,0.4464166866810609,0.4854084906113499,0.3760585448527901,0.141420029156798
DeepLearning_grid_1_AutoML_2_20250929_105731_model_58,0.9087073711356084,0.7305996697060934,0.4551024623282055,0.4733745724277977,0.3779929797531028,0.1428786927426295
DeepLearning_grid_2_AutoML_2_20250929_105731_model_98,0.9086883588638204,0.7309547625744622,0.4455157430634247,0.486224689646843,0.3767756309898543,0.1419598761078029
DeepLearning_grid_3_AutoML_2_20250929_105731_model_196,0.9086787282556522,0.7282309363500403,0.4640055544116522,0.5,0.3864160455081515,0.1493173602261578
DeepLearning_grid_3_AutoML_2_20250929_105731_model_91,0.90864855380591,0.7296527613170226,0.4557809190290874,0.4969379525307608,0.3817055082530091,0.145699095030688
DeepLearning_grid_2_AutoML_2_20250929_105731_model_90,0.9086457109746886,0.7295533995256692,0.4488465810621971,0.4710154789219284,0.3777565644163014,0.1427000219596073
DeepLearning_grid_3_AutoML_2_20250929_105731_model_202,0.908643652834421,0.7267083313882817,0.4689953821096526,0.5,0.3863871446694572,0.149295025565816
DeepLearning_grid_2_AutoML_2_20250929_105731_model_104,0.908610789265919,0.7296890350786764,0.4472906375552548,0.4873203911331498,0.3779797798132455,0.1428687139476696
DeepLearning_grid_1_AutoML_2_20250929_105731_model_64,0.9085652220170346,0.727187908277736,0.4762736291007456,0.5,0.3835855421280481,0.1471378681296685
DeepLearning_grid_3_AutoML_2_20250929_105731_model_92,0.9085252272760072,0.7328421166875606,0.4573066744387592,0.4845385900350875,0.3812518556744483,0.1453529774552103
DeepLearning_grid_2_AutoML_2_20250929_105731_model_69,0.908513716193497,0.7299733893772916,0.5868794701091706,0.5,0.3846660704565883,0.1479679857605129
DeepLearning_grid_3_AutoML_2_20250929_105731_model_67,0.908490086572084,0.732833074883079,0.4513051044393108,0.4876165724590011,0.3791677691915102,0.1437681971936663
DeepLearning_grid_2_AutoML_2_20250929_105731_model_86,0.9084107397211852,0.7296352682108428,0.4502935680765637,0.4885851647191014,0.379422266762999,0.1439612565155724
DeepLearning_grid_3_AutoML_2_20250929_105731_model_65,0.9083787940392828,0.7259670888957774,0.4780824021493368,0.4949402680101675,0.3927679999106441,0.1542667017538077
DeepLearning_grid_3_AutoML_2_20250929_105731_model_48,0.908369450972248,0.7300308719407876,0.4576572331040958,0.46252214282733,0.3829104051722755,0.1466203783891961
DeepLearning_grid_3_AutoML_2_20250929_105731_model_36,0.9083679896154052,0.729723482107039,0.4558549368547497,0.5,0.3793329340624415,0.1438934748644205
DeepLearning_grid_2_AutoML_2_20250929_105731_model_13,0.9083451726380914,0.7304985083898343,0.4456354463165277,0.4864144243601945,0.3764219450371294,0.1416934807055356
DeepLearning_grid_3_AutoML_2_20250929_105731_model_193,0.90834254633139,0.7294618310510466,0.4742827954161567,0.483560011085235,0.389146775543565,0.1514352129159538
DeepLearning_grid_3_AutoML_2_20250929_105731_model_75,0.9083269020801512,0.7283635339925143,0.4463281673753219,0.4859180965338891,0.3771532011307569,0.1422445371231772
DeepLearning_grid_2_AutoML_2_20250929_105731_model_26,0.9083038444665926,0.7289178936684358,0.4639923022118957,0.4647038263450276,0.3830500623987181,0.1467273503036618
DeepLearning_grid_2_AutoML_2_20250929_105731_model_97,0.9082808986715312,0.7271267403249476,0.4503486718860017,0.4884287877558256,0.3795823919139169,0.1440827922510904
DeepLearning_grid_3_AutoML_2_20250929_105731_model_55,0.9082556726950324,0.7294596194942032,0.4654968138731138,0.4913108746527902,0.3835432172887387,0.1471053995281966
DeepLearning_grid_1_AutoML_2_20250929_105731_model_19,0.9082167563471588,0.7257116701764159,0.5923350293197075,0.5,0.400512123223641,0.1604099608491089
DeepLearning_grid_1_AutoML_2_20250929_105731_model_14,0.908112952038526,0.7323216363006694,0.4465308268763584,0.4736092456960412,0.3763311185515014,0.1416251107902242
DeepLearning_grid_2_AutoML_2_20250929_105731_model_99,0.908096672105201,0.7294977745406144,0.4461147622093371,0.4905388155656646,0.3768303231188245,0.1420010924218376
DeepLearning_grid_3_AutoML_2_20250929_105731_model_79,0.9080643315367636,0.732381916478858,0.4688084140799973,0.4898113762104184,0.3870723349208265,0.1498249924610604
DeepLearning_grid_3_AutoML_2_20250929_105731_model_51,0.9080309037198836,0.7281287702092455,0.4636705894590738,0.4935204443411681,0.3860512082492918,0.1490355353907381
DeepLearning_grid_3_AutoML_2_20250929_105731_model_52,0.9080190290365704,0.7269680330038578,0.460818536472866,0.4987139261543161,0.3854345092627756,0.1485597609306367
DeepLearning_grid_3_AutoML_2_20250929_105731_model_53,0.9079715611707488,0.7300867263113899,0.448228280588464,0.4868679391183602,0.3772604225270338,0.142325426405276
DeepLearning_grid_3_AutoML_2_20250929_105731_model_49,0.9079261278327108,0.7297184528659514,0.4719113988995058,0.4839235455572634,0.3899106524782564,0.1520303169160196
DeepLearning_grid_2_AutoML_2_20250929_105731_model_80,0.9079189672787574,0.7290443807385389,0.4525069619766033,0.4826824618546483,0.3807144536053063,0.1449434951839869
DeepLearning_grid_3_AutoML_2_20250929_105731_model_57,0.90784072122372,0.7285813664823565,0.4562031525127366,0.4806092441618654,0.3820612236473,0.1459707786148721
DeepLearning_grid_3_AutoML_2_20250929_105731_model_19,0.9078014517170464,0.7322009355921252,0.4508743975210094,0.4809174829780602,0.3799384767051006,0.1443532460809923
DeepLearning_grid_1_AutoML_2_20250929_105731_model_65,0.9077920602680696,0.7259935572671196,0.4581703839324554,0.497996950174349,0.3811311492198164,0.1452609529056179
DeepLearning_grid_1_AutoML_2_20250929_105731_model_15,0.9077738143905724,0.7313377272011485,0.4486574356053502,0.4810802879897699,0.3773411804375725,0.1423863664540206
DeepLearning_grid_3_AutoML_2_20250929_105731_model_30,0.9076727254131276,0.7303384822702153,0.4454012411729532,0.4721301973187006,0.3764230508588038,0.1416943132178496
DeepLearning_grid_2_AutoML_2_20250929_105731_model_70,0.9076599734609094,0.7286215570392749,0.4483990898207449,0.4863067024556432,0.3779659879111423,0.1428582880176457
DeepLearning_grid_3_AutoML_2_20250929_105731_model_21,0.9076412220243716,0.7287218855364852,0.4459922680840313,0.4925051615485971,0.3768475623200482,0.1420140852265626
DeepLearning_grid_3_AutoML_2_20250929_105731_model_54,0.9076392485789564,0.7301757672347507,0.471573081697061,0.4853862338825791,0.3894247488358246,0.151651635005845
DeepLearning_grid_1_AutoML_2_20250929_105731_model_47,0.9075473570353264,0.7245731452504564,0.461203008199037,0.4857739896096321,0.3830414565524745,0.1467207574378412
DeepLearning_grid_3_AutoML_2_20250929_105731_model_59,0.9073956341950424,0.7269151749230407,0.4660169776007757,0.5,0.3832487175922657,0.1468795795361162
DeepLearning_grid_2_AutoML_2_20250929_105731_model_14,0.907277444546878,0.7279302401832223,0.4494505782083189,0.4832935741819801,0.3783756435708224,0.143168127647634
DeepLearning_grid_2_AutoML_2_20250929_105731_model_102,0.9071682260372196,0.7273274546994287,0.4472572728285899,0.4810529847789543,0.3776344518852725,0.1426077792506902
DeepLearning_grid_1_AutoML_2_20250929_105731_model_52,0.907106286803288,0.7214762881539739,0.463356290200724,0.4977741765339347,0.3851931395574959,0.1483737547621605
DeepLearning_grid_3_AutoML_2_20250929_105731_model_209,0.9070692789009668,0.7188231493152141,0.4501095819200587,0.5,0.3791421000151763,0.1437487320039179
DeepLearning_grid_3_AutoML_2_20250929_105731_model_63,0.907069043784244,0.7288120640936301,0.450424774517279,0.490900118276603,0.3792392459870477,0.1438224056968245
DeepLearning_grid_1_AutoML_2_20250929_105731_model_18,0.9070280213609888,0.7237072491558891,0.5005566964106992,0.5,0.3893415121237143,0.1515868130627803
DeepLearning_grid_3_AutoML_2_20250929_105731_model_80,0.9070160220756855,0.730201672042305,0.4506582607588122,0.4742696507281232,0.3782211515019987,0.1430512394434978
DeepLearning_grid_2_AutoML_2_20250929_105731_model_87,0.9070125760030524,0.728085601950449,0.4475268055186029,0.4999299384072058,0.3777408478918082,0.1426881481660221
DeepLearning_grid_2_AutoML_2_20250929_105731_model_96,0.9070014567174844,0.7265193409993785,0.4569670033128121,0.5,0.3789532742788844,0.1436055840866874
DeepLearning_grid_1_AutoML_2_20250929_105731_model_57,0.9069351282755752,0.7228779950790456,0.5395803239183392,0.5,0.3837125848435709,0.1472353477673346
DeepLearning_grid_2_AutoML_2_20250929_105731_model_71,0.9069351142062072,0.728675192579505,0.4467193227185493,0.480861285539349,0.3769390706916111,0.1420830630138554
DeepLearning_grid_2_AutoML_2_20250929_105731_model_95,0.906584913939592,0.7297700262260686,0.4562056313883251,0.4833908327112525,0.3811641511527245,0.145286110123977
DeepLearning_grid_2_AutoML_2_20250929_105731_model_79,0.9065664700055176,0.7246202115819156,0.4494784837869626,0.4944031463281373,0.3780201670564754,0.1428992467014056
DeepLearning_grid_1_AutoML_2_20250929_105731_model_12,0.906408503677414,0.7308454593508693,0.4476947434318887,0.4783347656370757,0.3765526570409949,0.1417919035246331
DeepLearning_grid_2_AutoML_2_20250929_105731_model_84,0.90622872143668,0.7208294268366223,0.461539015396592,0.4816347777810402,0.3849249352306262,0.1481672057623018
DeepLearning_grid_1_AutoML_2_20250929_105731_model_54,0.9061559394335076,0.7241744175398873,0.4830242498724582,0.4903738334790259,0.3857105453853292,0.148772624821448
DeepLearning_grid_2_AutoML_2_20250929_105731_model_94,0.905789456961756,0.7255875274724045,0.4738175888812115,0.4935565105378609,0.3904131665266961,0.1524224405974017
DeepLearning_grid_3_AutoML_2_20250929_105731_model_194,0.905786640970575,0.7297937519382691,0.4520058055467443,0.4892863120187317,0.3787176028979812,0.143427022744793
DeepLearning_grid_3_AutoML_2_20250929_105731_model_40,0.9057031423501554,0.7258982079044651,0.4840653094682645,0.4817147197892489,0.3945564882013854,0.15567482238181
DeepLearning_grid_2_AutoML_2_20250929_105731_model_3,0.9054231589157806,0.7211236051134562,0.6439770254215915,0.5,0.394540345320252,0.1556620840854237
DeepLearning_grid_1_AutoML_2_20250929_105731_model_48,0.9052999147329044,0.7262286779920799,0.4517009768516766,0.4679725546374924,0.3774338213207512,0.1424562894767848
DeepLearning_grid_1_AutoML_2_20250929_105731_model_53,0.9052630545480984,0.7298538455639133,0.4608764760084985,0.4797946392414365,0.3829950863277415,0.1466852361511942
DeepLearning_grid_3_AutoML_2_20250929_105731_model_16,0.90517629242057,0.7331028539728224,0.4659318632270439,0.4841808459654672,0.3858834305275152,0.1489060219556836
DeepLearning_grid_1_AutoML_2_20250929_105731_model_82,0.9050189720109676,0.7287416419223798,0.4499593343694906,0.4837450181395545,0.3774890124428146,0.1424979545150514
DeepLearning_grid_2_AutoML_2_20250929_105731_model_4,0.9048879025355304,0.7160099098705122,0.6691268131456691,0.5,0.3948244084649301,0.1558863135196819
DeepLearning_grid_3_AutoML_2_20250929_105731_model_35,0.9048730509141096,0.7289597408388884,0.4511693873263819,0.4824134227791138,0.3794935709496362,0.1440153703921066
DeepLearning_grid_1_AutoML_2_20250929_105731_model_10,0.9048577516768428,0.7178648741516468,0.4665538068872881,0.4974033122305948,0.386238741026745,0.149180365069925
DeepLearning_grid_1_AutoML_2_20250929_105731_model_6,0.904513158367358,0.7327914403959966,0.4869106635294057,0.4750578057304219,0.377142868373675,0.1422367431651231
DeepLearning_grid_1_AutoML_2_20250929_105731_model_9,0.9045086234817687,0.7333133302311374,0.4654471892700738,0.4707092593181484,0.3755520910792293,0.1410393731139817
DeepLearning_grid_1_AutoML_2_20250929_105731_model_2,0.90449582466601,0.7332784249704597,0.4666400522904918,0.4757505604553645,0.375653220800683,0.1411153422979267
DeepLearning_grid_1_AutoML_2_20250929_105731_model_5,0.9039896775960424,0.7314191492377752,0.4902374795480058,0.466229246431826,0.3781507105384332,0.1429979598807219
DeepLearning_grid_1_AutoML_2_20250929_105731_model_26,0.9038216589802692,0.7180459032591816,0.4638921140703929,0.5,0.3830595336231208,0.1467346062995628
DeepLearning_grid_1_AutoML_2_20250929_105731_model_81,0.9037645682763236,0.7305836085422246,0.4593412440804326,0.4834054407856988,0.3771127606892276,0.1422140342746507
DeepLearning_grid_3_AutoML_2_20250929_105731_model_88,0.9036899120132736,0.7244227631565654,0.4633607769301753,0.498458113586839,0.3861229409850994,0.1490909255549826
DeepLearning_grid_1_AutoML_2_20250929_105731_model_30,0.9036332262139104,0.7305217485266393,0.4667062448729045,0.4815224891779555,0.3785187041223762,0.143276409370483
DeepLearning_grid_1_AutoML_2_20250929_105731_model_50,0.9034839174527878,0.7304331001044442,0.4774235914264257,0.4769942463302592,0.3774550533378204,0.1424723172902568
DeepLearning_grid_1_AutoML_2_20250929_105731_model_66,0.903412662322528,0.7303803416979109,0.4710148716673917,0.479909797251637,0.376686168061727,0.1418924692090276
DeepLearning_grid_1_AutoML_2_20250929_105731_model_73,0.903405577394549,0.7308154882366249,0.4790676119099363,0.4765709557782015,0.3767578793909557,0.1419464996831699
DeepLearning_grid_1_AutoML_2_20250929_105731_model_31,0.9032948107652274,0.7279239745769317,0.4607754094128168,0.481395644088601,0.3794102213840927,0.1439521160907262
DeepLearning_grid_1_AutoML_2_20250929_105731_model_51,0.903111355631176,0.7286390125655557,0.4759897703321974,0.482381552869765,0.3795826231103213,0.1440829677673122
DeepLearning_grid_1_AutoML_2_20250929_105731_model_61,0.903048008708652,0.727897846579799,0.4950644535958515,0.4754670742658824,0.3808425053517311,0.1450410138825833
DeepLearning_grid_1_AutoML_2_20250929_105731_model_68,0.9028882784695657,0.7259931798517912,0.4592684461625419,0.4865037670003061,0.3811709826341169,0.1452913180022582
DeepLearning_grid_2_AutoML_2_20250929_105731_model_105,0.9028577065560732,0.7296777259536306,0.4579665480828045,0.4746884808559853,0.3767085002103394,0.1419092941307233
DeepLearning_grid_1_AutoML_2_20250929_105731_model_37,0.9027524575549356,0.7274664805250316,0.4940621050548597,0.4847250849301336,0.3788302445095193,0.1435123541551422
DeepLearning_grid_2_AutoML_2_20250929_105731_model_31,0.9027400468136728,0.728161762801236,0.454427780181983,0.4821394981820333,0.3806219150248229,0.1448730421971635
DeepLearning_grid_1_AutoML_2_20250929_105731_model_71,0.9025979531127162,0.7274558623852229,0.4742400990303665,0.4721364128184593,0.3787991904934736,0.1434888267185109
DeepLearning_grid_2_AutoML_2_20250929_105731_model_88,0.9025111137341434,0.7180576174120262,0.5110304070675843,0.4918169219340114,0.4008337451680187,0.1606676912654201
DeepLearning_grid_1_AutoML_2_20250929_105731_model_80,0.9023707984273954,0.7267680341290997,0.4662931015956227,0.4874339550282859,0.3817280156250986,0.1457162779130755
DeepLearning_grid_1_AutoML_2_20250929_105731_model_38,0.9022312113513508,0.7247037212560058,0.4610993544582537,0.4810039046228794,0.3801279835126876,0.1444972838494221
DeepLearning_grid_3_AutoML_2_20250929_105731_model_82,0.9022008954135856,0.7255448167724482,0.5044645388684345,0.4992951877847139,0.3821324669157216,0.146025222271095
DeepLearning_grid_2_AutoML_2_20250929_105731_model_92,0.9021849129202152,0.7173800045577279,0.4778396579679509,0.5,0.3866553187093515,0.1495023354862301
DeepLearning_grid_3_AutoML_2_20250929_105731_model_31,0.902073991559398,0.7265541382346838,0.473295251353675,0.4826433137021644,0.3895930944907919,0.1517827792749111
DeepLearning_grid_1_AutoML_2_20250929_105731_model_8,0.9019905765833895,0.7265659974540197,0.4903158953106594,0.4883851791791461,0.3784472989504338,0.1432223580828789
DeepLearning_grid_1_AutoML_2_20250929_105731_model_35,0.901597318492798,0.7231452992832635,0.4558633453397033,0.4873011100858324,0.3795260086942241,0.1440399912753683
DeepLearning_grid_1_AutoML_2_20250929_105731_model_13,0.90121201300267,0.7258589590001377,0.4792451334101256,0.480737416131448,0.3801227262422939,0.1444932870058739
DeepLearning_grid_2_AutoML_2_20250929_105731_model_82,0.9011047946842656,0.7256217782501843,0.4686503575633668,0.4783909630757869,0.3870848782164476,0.1498347029438421
DeepLearning_grid_1_AutoML_2_20250929_105731_model_77,0.9007165531675055,0.7231989372480033,0.459673695480152,0.485313676391843,0.3794804646665756,0.1440054230635601
DeepLearning_grid_1_AutoML_2_20250929_105731_model_62,0.9005976890036365,0.7256420245217137,0.4742071635520867,0.488241072254889,0.3784425995396581,0.143218801146334
DeepLearning_grid_2_AutoML_2_20250929_105731_model_106,0.8989747713995315,0.7177375279969741,0.4692299771769069,0.4947181836039556,0.3838708122641358,0.1473568005083273
DeepLearning_grid_1_AutoML_2_20250929_105731_model_46,0.8982792992773814,0.7132022573041069,0.4958183208346614,0.485359887140802,0.3872019541269602,0.1499253532797366
DeepLearning_grid_3_AutoML_2_20250929_105731_model_64,0.8975450503759705,0.7207216459356706,0.4757180388902742,0.4875844900009769,0.3900249618427064,0.1521194708604046
DeepLearning_grid_1_AutoML_2_20250929_105731_model_75,0.8791437933590974,0.6903111648894878,0.542443016519913,0.499971157360281,0.3960239155625395,0.1568349416974854
