threshold,precision,recall,tpr,fpr,specificity,f1
0.0000,0.220569,1.000000,1.000000,1.000000,0.000000,0.361420
0.0100,0.220570,1.000000,1.000000,0.999995,0.000005,0.361421
0.0200,0.221362,0.999644,0.999644,0.995047,0.004953,0.362461
0.0300,0.224210,0.997879,0.997879,0.977085,0.022915,0.366151
0.0400,0.227945,0.993779,0.993779,0.952520,0.047480,0.370832
0.0500,0.232384,0.986347,0.986347,0.922004,0.077996,0.376148
0.0600,0.237763,0.976507,0.976507,0.885908,0.114092,0.382414
0.0700,0.243923,0.961820,0.961820,0.843669,0.156331,0.389155
0.0800,0.250709,0.943550,0.943550,0.798016,0.201984,0.396156
0.0900,0.257958,0.920664,0.920664,0.749457,0.250543,0.403001
0.1000,0.265810,0.894105,0.894105,0.698865,0.301135,0.409792
0.1100,0.274110,0.862788,0.862788,0.646573,0.353427,0.416042
0.1200,0.282197,0.826943,0.826943,0.595244,0.404756,0.420796
0.1300,0.290604,0.789405,0.789405,0.545323,0.454677,0.424819
0.1400,0.299398,0.753008,0.753008,0.498641,0.501359,0.428445
0.1500,0.307231,0.711976,0.711976,0.454313,0.545687,0.429238
0.1600,0.315738,0.673404,0.673404,0.412987,0.587013,0.429907
0.1700,0.324165,0.635082,0.635082,0.374688,0.625312,0.429236
0.1800,0.331493,0.595993,0.595993,0.340126,0.659874,0.426028
0.1900,0.338978,0.559453,0.559453,0.308727,0.691273,0.422163
0.2000,0.345415,0.523038,0.523038,0.280495,0.719505,0.416062
0.2100,0.353343,0.490812,0.490812,0.254190,0.745810,0.410884
0.2200,0.360441,0.459868,0.459868,0.230912,0.769088,0.404129
0.2300,0.367301,0.431225,0.431225,0.210206,0.789794,0.396704
0.2400,0.373536,0.404649,0.404649,0.192048,0.807952,0.388470
0.2500,0.380077,0.378607,0.378607,0.174751,0.825249,0.379341
0.2600,0.386765,0.354206,0.354206,0.158928,0.841072,0.369770
0.2700,0.392140,0.329911,0.329911,0.144719,0.855281,0.358344
0.2800,0.399075,0.309164,0.309164,0.131741,0.868259,0.348412
0.2900,0.404870,0.288986,0.288986,0.120210,0.879790,0.337251
0.3000,0.411271,0.270574,0.270574,0.109607,0.890393,0.326406
0.3100,0.417339,0.252518,0.252518,0.099766,0.900234,0.314651
0.3200,0.425026,0.236904,0.236904,0.090692,0.909308,0.304232
0.3300,0.430501,0.220380,0.220380,0.082501,0.917499,0.291525
0.3400,0.436328,0.205693,0.205693,0.075197,0.924803,0.279585
0.3500,0.443898,0.191380,0.191380,0.067848,0.932152,0.267452
0.3600,0.450100,0.177335,0.177335,0.061311,0.938689,0.254427
0.3700,0.456937,0.164073,0.164073,0.055182,0.944818,0.241449
0.3800,0.463156,0.151133,0.151133,0.049573,0.950427,0.227899
0.3900,0.465992,0.137871,0.137871,0.044711,0.955289,0.212786
0.4000,0.475120,0.126624,0.126624,0.039586,0.960414,0.199958
0.4100,0.482723,0.116037,0.116037,0.035187,0.964813,0.187099
0.4200,0.488662,0.105627,0.105627,0.031278,0.968722,0.173707
0.4300,0.494940,0.095895,0.095895,0.027692,0.972308,0.160662
0.4400,0.504054,0.086430,0.086430,0.024065,0.975935,0.147559
0.4500,0.509072,0.077518,0.077518,0.021155,0.978845,0.134548
0.4600,0.512358,0.068356,0.068356,0.018411,0.981589,0.120620
0.4700,0.523307,0.061031,0.061031,0.015732,0.984268,0.109313
0.4800,0.530927,0.054008,0.054008,0.013503,0.986497,0.098042
0.4900,0.535628,0.047163,0.047163,0.011571,0.988429,0.086693
0.5000,0.543289,0.041049,0.041049,0.009765,0.990235,0.076332
0.5100,0.547001,0.034954,0.034954,0.008192,0.991808,0.065708
0.5200,0.553065,0.029909,0.029909,0.006840,0.993160,0.056750
0.5300,0.560301,0.025257,0.025257,0.005609,0.994391,0.048335
0.5400,0.569795,0.021318,0.021318,0.004555,0.995445,0.041098
0.5500,0.577987,0.017504,0.017504,0.003617,0.996383,0.033978
0.5600,0.573411,0.013992,0.013992,0.002946,0.997054,0.027318
0.5700,0.583409,0.011408,0.011408,0.002305,0.997695,0.022378
0.5800,0.583924,0.008805,0.008805,0.001776,0.998224,0.017349
0.5900,0.582019,0.006577,0.006577,0.001337,0.998663,0.013007
0.6000,0.571116,0.004652,0.004652,0.000989,0.999011,0.009229
0.6100,0.560372,0.003226,0.003226,0.000716,0.999284,0.006415
0.6200,0.574468,0.002406,0.002406,0.000504,0.999496,0.004793
0.6300,0.589888,0.001872,0.001872,0.000368,0.999632,0.003731
0.6400,0.603053,0.001408,0.001408,0.000262,0.999738,0.002810
0.6500,0.670588,0.001016,0.001016,0.000141,0.999859,0.002029
0.6600,0.645833,0.000553,0.000553,0.000086,0.999914,0.001104
0.6700,0.733333,0.000392,0.000392,0.000040,0.999960,0.000784
0.6800,0.733333,0.000196,0.000196,0.000020,0.999980,0.000392
0.6900,0.800000,0.000143,0.000143,0.000010,0.999990,0.000285
0.7000,0.800000,0.000071,0.000071,0.000005,0.999995,0.000143
0.7100,1.000000,0.000053,0.000053,0.000000,1.000000,0.000107
0.7200,1.000000,0.000053,0.000053,0.000000,1.000000,0.000107
0.7300,1.000000,0.000018,0.000018,0.000000,1.000000,0.000036
0.7400,0.000000,0.000000,0.000000,0.000000,1.000000,0.000000
0.7500,0.000000,0.000000,0.000000,0.000000,1.000000,0.000000
0.7600,0.000000,0.000000,0.000000,0.000000,1.000000,0.000000
0.7700,0.000000,0.000000,0.000000,0.000000,1.000000,0.000000
0.7800,0.000000,0.000000,0.000000,0.000000,1.000000,0.000000
0.7900,0.000000,0.000000,0.000000,0.000000,1.000000,0.000000
0.8000,0.000000,0.000000,0.000000,0.000000,1.000000,0.000000
0.8100,0.000000,0.000000,0.000000,0.000000,1.000000,0.000000
0.8200,0.000000,0.000000,0.000000,0.000000,1.000000,0.000000
0.8300,0.000000,0.000000,0.000000,0.000000,1.000000,0.000000
0.8400,0.000000,0.000000,0.000000,0.000000,1.000000,0.000000
0.8500,0.000000,0.000000,0.000000,0.000000,1.000000,0.000000
0.8600,0.000000,0.000000,0.000000,0.000000,1.000000,0.000000
0.8700,0.000000,0.000000,0.000000,0.000000,1.000000,0.000000
0.8800,0.000000,0.000000,0.000000,0.000000,1.000000,0.000000
0.8900,0.000000,0.000000,0.000000,0.000000,1.000000,0.000000
0.9000,0.000000,0.000000,0.000000,0.000000,1.000000,0.000000
0.9100,0.000000,0.000000,0.000000,0.000000,1.000000,0.000000
0.9200,0.000000,0.000000,0.000000,0.000000,1.000000,0.000000
0.9300,0.000000,0.000000,0.000000,0.000000,1.000000,0.000000
0.9400,0.000000,0.000000,0.000000,0.000000,1.000000,0.000000
0.9500,0.000000,0.000000,0.000000,0.000000,1.000000,0.000000
0.9600,0.000000,0.000000,0.000000,0.000000,1.000000,0.000000
0.9700,0.000000,0.000000,0.000000,0.000000,1.000000,0.000000
0.9800,0.000000,0.000000,0.000000,0.000000,1.000000,0.000000
0.9900,0.000000,0.000000,0.000000,0.000000,1.000000,0.000000
1.0000,0.000000,0.000000,0.000000,0.000000,1.000000,0.000000
