model_id,aucpr,auc,logloss,mean_per_class_error,rmse,mse,training_time_ms,predict_time_per_row_ms,algo
GBM_grid_1_AutoML_1_20250925_84535_model_22,0.8952533573375309,0.7245083516064296,0.4828783301338037,0.4737577386321731,0.3961824524639514,0.1569605356403511,60612,0.00462,GBM
GBM_grid_1_AutoML_1_20250925_84535_model_13,0.8952429403675376,0.7243971707792967,0.4827001453159781,0.4725740758842379,0.3960803702096264,0.1568796596653947,56134,0.004897,GBM
GBM_grid_1_AutoML_1_20250925_84535_model_18,0.8952013601565053,0.7243917502935059,0.4829737516467963,0.4722472353217666,0.3962396107332245,0.1570058291140172,52539,0.00418,GBM
GBM_5_AutoML_1_20250925_84535,0.8951971381359894,0.7243535838477275,0.4830455935344049,0.4672241928067916,0.3962836897952912,0.1570407627977706,63240,0.003594,GBM
GBM_2_AutoML_1_20250925_84535,0.8951105140319932,0.7240418579009676,0.4831145629998939,0.473881606217127,0.396292766274359,0.1570479566013838,67120,0.003636,GBM
GBM_grid_1_AutoML_1_20250925_84535_model_15,0.8950747429943375,0.7240269691793635,0.4833231120179054,0.4691099004621123,0.3963720886363201,0.1571108326499188,53499,0.004652,GBM
GBM_grid_1_AutoML_1_20250925_84535_model_14,0.8950447930202234,0.7240034021912186,0.4830541233927891,0.4722635017125385,0.3962381292693386,0.1570046550868651,70120,0.003709,GBM
XGBoost_grid_1_AutoML_1_20250925_84535_model_16,0.8949847148379373,0.7235540256447381,0.482452425149234,0.4781281388849546,0.3958977494317403,0.156735028005117,58118,0.001371,XGBoost
XGBoost_grid_1_AutoML_1_20250925_84535_model_12,0.894925869053895,0.7237706825521262,0.4819810329160909,0.4702146755124203,0.3956768466788573,0.1565601669977239,46578,0.001185,XGBoost
XGBoost_grid_1_AutoML_1_20250925_84535_model_20,0.8949149295869296,0.7238580652856694,0.593679525225014,0.4749611012779288,0.4522439592441337,0.2045245986728096,34985,0.001026,XGBoost
GBM_3_AutoML_1_20250925_84535,0.8948988644827656,0.7238373736355903,0.4831292032387246,0.4712597777611165,0.3962454531753173,0.1570104591621125,69489,0.003516,GBM
XGBoost_grid_1_AutoML_1_20250925_84535_model_17,0.894812118238948,0.723498033506539,0.4830283441341445,0.4701596431636101,0.3961497175739324,0.1569345987339064,31007,0.000849,XGBoost
GBM_grid_1_AutoML_1_20250925_84535_model_17,0.8947518693567847,0.723154110249398,0.484559944947433,0.4708423739511152,0.3969168238245618,0.1575429650349782,48276,0.003891,GBM
XGBoost_grid_1_AutoML_1_20250925_84535_model_24,0.89471564258791,0.7231158891193186,0.5987825475648044,0.4636220107463709,0.4550149287776548,0.2070385854105343,35066,0.001102,XGBoost
XGBoost_3_AutoML_1_20250925_84535,0.8947090734328204,0.7234463514918318,0.5949860419941468,0.4729035976450839,0.4529014081585325,0.2051196855119816,33694,0.001034,XGBoost
GBM_grid_1_AutoML_1_20250925_84535_model_16,0.894707399417951,0.7233699636380361,0.4841896916870848,0.4700501323269336,0.3969251560408744,0.1575495794980724,32221,0.004161,GBM
XGBoost_grid_1_AutoML_1_20250925_84535_model_1,0.8946898345210266,0.7232268419678092,0.4835834354722841,0.4676926415976104,0.3963801184915964,0.157117198335412,101157,0.000977,XGBoost
GBM_grid_1_AutoML_1_20250925_84535_model_5,0.8946818238104202,0.7232027509970551,0.484234612870815,0.4697758606098342,0.3967409259980245,0.1574033623617699,66131,0.003487,GBM
XGBoost_grid_1_AutoML_1_20250925_84535_model_8,0.894609805549771,0.7224649499222031,0.4825633101303129,0.469344149663488,0.3959287696294405,0.1567595906202826,66312,0.001744,XGBoost
XGBoost_grid_1_AutoML_1_20250925_84535_model_31,0.8945627068544476,0.7229566487823654,0.5944284472403247,0.4656832840522721,0.452584323851142,0.2048325701957954,81372,0.00075,XGBoost
XGBoost_grid_1_AutoML_1_20250925_84535_model_5,0.8945585972565864,0.723259420539638,0.4833985005859879,0.4682050506602132,0.3962824761913424,0.1570398009363418,36246,0.000856,XGBoost
XGBoost_grid_1_AutoML_1_20250925_84535_model_23,0.89455119965447,0.7223289400599646,0.4828569018753068,0.4769154264744569,0.3960795920779679,0.1568790432606494,61311,0.001628,XGBoost
XGBoost_grid_1_AutoML_1_20250925_84535_model_2,0.8945360001461149,0.7228516684740127,0.4830206167408572,0.471001604351785,0.3961930884526981,0.1569689633376874,94345,0.001195,XGBoost
GBM_grid_1_AutoML_1_20250925_84535_model_12,0.8944704980017081,0.7227786012844389,0.4842130787270265,0.468723555181033,0.3969047247610965,0.1575333605376817,59889,0.003171,GBM
GBM_grid_1_AutoML_1_20250925_84535_model_1,0.8944541609954147,0.7225783843401019,0.4847634376043276,0.472229494678373,0.397153579621664,0.1577309658063014,47004,0.00313,GBM
XGBoost_grid_1_AutoML_1_20250925_84535_model_28,0.8944521934104006,0.722808636167717,0.4835482027762435,0.4708928154590564,0.39637057985189,0.1571096365721235,31851,0.000879,XGBoost
XGBoost_grid_1_AutoML_1_20250925_84535_model_29,0.8944516183705592,0.7224312316656167,0.5920225872137987,0.4702449128735295,0.4513483986733181,0.2037153769849685,119903,0.000808,XGBoost
GBM_grid_1_AutoML_1_20250925_84535_model_6,0.8944351736469829,0.7230286782904268,0.4841114408841192,0.4716547508629901,0.3968402594238036,0.1574821914995517,53901,0.003084,GBM
GBM_grid_1_AutoML_1_20250925_84535_model_21,0.8944286538407936,0.7228870181571582,0.4843020144946096,0.4722619778479842,0.39696535779586,0.1575814952899951,26782,0.004346,GBM
GBM_grid_1_AutoML_1_20250925_84535_model_19,0.89442482307756,0.7227581986898769,0.4847149887296554,0.4702714494207211,0.3971289417651898,0.1577113963875395,36220,0.003146,GBM
GBM_4_AutoML_1_20250925_84535,0.8943893709439079,0.7226440517779221,0.4852593215086248,0.4719938704482406,0.3970724719638339,0.1576665479914696,85584,0.00401,GBM
XGBoost_grid_1_AutoML_1_20250925_84535_model_18,0.8943886102879441,0.7225907655745796,0.4835118668015808,0.4689369471507677,0.3963235216348753,0.1570723338010694,36020,0.001404,XGBoost
GBM_grid_1_AutoML_1_20250925_84535_model_23,0.8943739164033869,0.7228116630514758,0.4843878898104938,0.4722616416819765,0.3967441301230898,0.1574059047871271,66252,0.003887,GBM
XGBoost_grid_1_AutoML_1_20250925_84535_model_6,0.8943252601114671,0.7224560278345543,0.4838528857426996,0.4716150645132739,0.3965022525340348,0.1572140362645635,30248,0.000976,XGBoost
XGBoost_grid_1_AutoML_1_20250925_84535_model_15,0.8941453197954556,0.7215752630972269,0.5889439711897827,0.4739069854304982,0.450196742292457,0.2026771067707408,149880,0.00234,XGBoost
XGBoost_grid_1_AutoML_1_20250925_84535_model_7,0.8940656318986743,0.7208397712702248,0.4833765067642829,0.4774427268990748,0.3962820978356949,0.1570395010650592,83769,0.002089,XGBoost
XGBoost_grid_1_AutoML_1_20250925_84535_model_14,0.8939146385964948,0.7214956868082116,0.5937615892540155,0.4691827726781811,0.4524030215568215,0.2046684939137419,51248,0.001324,XGBoost
XGBoost_grid_1_AutoML_1_20250925_84535_model_9,0.8938133910605943,0.7207387551220419,0.483896642510707,0.4739829742348145,0.3963768791547674,0.157114630328473,51722,0.001479,XGBoost
GBM_grid_1_AutoML_1_20250925_84535_model_20,0.8937415781099163,0.7213478522128504,0.4860361544916328,0.4761960763135504,0.3976955621762982,0.1581617601747218,26180,0.0046,GBM
XGBoost_grid_1_AutoML_1_20250925_84535_model_30,0.893620672464575,0.7208202189574808,0.4844806121545223,0.4701642147572729,0.3966341566394812,0.1573186542131125,54374,0.001664,XGBoost
GBM_grid_1_AutoML_1_20250925_84535_model_8,0.893519333830666,0.7207772947690659,0.4863824251352739,0.4696655286053449,0.397752781250618,0.1582072749926019,69962,0.002733,GBM
XGBoost_grid_1_AutoML_1_20250925_84535_model_4,0.8934489817783302,0.7200313754727377,0.4846552829143396,0.4835755018359607,0.3967349208067698,0.1573985973875539,48162,0.001586,XGBoost
GLM_1_AutoML_1_20250925_84535,0.8933760122626793,0.7208158053715694,0.4851855249224479,0.4693321379475775,0.3971168725605994,0.1577018104723114,17657,0.001327,GLM
XGBoost_grid_1_AutoML_1_20250925_84535_model_13,0.8930020464799663,0.7190727650968192,0.4849052296861333,0.4789573168013389,0.396808949215393,0.1574573421774243,52422,0.001537,XGBoost
DeepLearning_grid_3_AutoML_1_20250925_84535_model_1,0.892887989717076,0.7201172692229453,0.4825875221912816,0.4815227874917149,0.3953283260657871,0.1562844853899773,41513,0.001715,DeepLearning
GBM_grid_1_AutoML_1_20250925_84535_model_2,0.8928272005932816,0.7197321615997676,0.4870326554329489,0.4768745827909203,0.3979267510121478,0.1583456991710839,68329,0.004066,GBM
XGBoost_grid_1_AutoML_1_20250925_84535_model_11,0.8928155143885548,0.7191063366716275,0.5918167718960636,0.475313103358835,0.4517245002715018,0.204055024145538,131099,0.00171,XGBoost
GBM_grid_1_AutoML_1_20250925_84535_model_7,0.8927432584184225,0.7188334861904767,0.4885911098117101,0.4743408733262076,0.3986151836194159,0.1588940646119407,52417,0.003339,GBM
GBM_1_AutoML_1_20250925_84535,0.892560308968066,0.7186742921302001,0.4887609925971511,0.4701556557956174,0.3983133458427331,0.1586535214764327,108864,0.003823,GBM
DeepLearning_1_AutoML_1_20250925_84535,0.8925091213497772,0.71898797274541,0.4794060677560037,0.472376209114121,0.3945497403728389,0.1556694976282746,40835,0.001358,DeepLearning
GBM_grid_1_AutoML_1_20250925_84535_model_10,0.8921443438307373,0.7179880921206137,0.489167300578767,0.4735785025324013,0.3986526135870189,0.158923906319761,65342,0.004181,GBM
DeepLearning_grid_1_AutoML_1_20250925_84535_model_1,0.8920876881503645,0.718944873595026,0.4920848334405909,0.4746171842743928,0.3984213856467596,0.158739600540684,55540,0.00169,DeepLearning
DeepLearning_grid_2_AutoML_1_20250925_84535_model_1,0.8919621468906573,0.7206579319336864,0.4831505926073563,0.4778115299844905,0.3954755928503126,0.1564009445403062,46087,0.001576,DeepLearning
DRF_1_AutoML_1_20250925_84535,0.8918058324028708,0.7176318923421353,0.4949397373630091,0.4775087128538399,0.4012700408582047,0.1610176456903452,176473,0.006086,DRF
XGBoost_grid_1_AutoML_1_20250925_84535_model_26,0.891801768620534,0.7163466034415978,0.4865331084522444,0.4784041825262708,0.3973418454269971,0.1578805421273316,52233,0.002312,XGBoost
DeepLearning_grid_2_AutoML_1_20250925_84535_model_2,0.8915415970450348,0.7181851842080479,0.4987988667449949,0.4831137519762354,0.4026537912142048,0.1621300755791724,94501,0.004647,DeepLearning
XGBoost_2_AutoML_1_20250925_84535,0.8915386524276052,0.7164460580646279,0.5954663268365863,0.4684527665829147,0.4535990590687008,0.2057521063880107,53152,0.001437,XGBoost
GBM_grid_1_AutoML_1_20250925_84535_model_49,0.8915002048056603,0.7169069226918321,0.4971987550706872,0.4729451247781557,0.4035285000188037,0.1628352503274256,19838,0.00141,GBM
DeepLearning_grid_1_AutoML_1_20250925_84535_model_5,0.8911325104783235,0.7168965407348529,0.4996219023695721,0.4814453740467096,0.4017298719916881,0.1613868900504581,74872,0.003984,DeepLearning
XGBoost_grid_1_AutoML_1_20250925_84535_model_3,0.8905543438174646,0.7134296532632349,0.4881089023368404,0.4723161009226365,0.3979009016063096,0.1583251274991141,62356,0.002031,XGBoost
XGBoost_grid_1_AutoML_1_20250925_84535_model_27,0.890108802927918,0.7119084221714962,0.4886418503748872,0.4733064573765976,0.3980534795105285,0.1584465725504386,91708,0.001821,XGBoost
DeepLearning_grid_1_AutoML_1_20250925_84535_model_8,0.8900144353627623,0.7127252742325486,0.5179483959227816,0.5,0.4067918695900587,0.1654796251645753,37066,0.001479,DeepLearning
XGBoost_grid_1_AutoML_1_20250925_84535_model_63,0.8899190286396316,0.7132214663078587,0.4851401938222649,0.481632733718264,0.3966437593694932,0.1573262718467644,12497,0.001057,XGBoost
XGBoost_grid_1_AutoML_1_20250925_84535_model_22,0.88982312188457,0.7115873379828852,0.4891149294143268,0.4793608488648678,0.398194532898192,0.1585588860300093,82613,0.001784,XGBoost
DeepLearning_grid_1_AutoML_1_20250925_84535_model_10,0.8896921626947575,0.7138759958385378,0.5071900237414381,0.4834733926271193,0.4025196980166209,0.1620221072913917,35659,0.002144,DeepLearning
DeepLearning_grid_3_AutoML_1_20250925_84535_model_2,0.8894199026540491,0.7185236751670332,0.4960171876643443,0.4788874730671723,0.40098846319638,0.1607917476165945,95695,0.006952,DeepLearning
GBM_grid_1_AutoML_1_20250925_84535_model_3,0.8891976585775098,0.7118969939169264,0.4983172930710522,0.4737847905458961,0.4021763280019182,0.1617457988051065,53783,0.003288,GBM
DeepLearning_grid_1_AutoML_1_20250925_84535_model_6,0.8889762352597869,0.7176325699549726,0.509453966720299,0.4811166734536763,0.3996483172597977,0.1597187774885879,52497,0.001452,DeepLearning
DeepLearning_grid_1_AutoML_1_20250925_84535_model_7,0.8889453732326462,0.7197336995001907,0.5036307537119419,0.4807848259076695,0.3974974750574186,0.1580042426770231,66388,0.003926,DeepLearning
DeepLearning_grid_1_AutoML_1_20250925_84535_model_9,0.8889248004424962,0.7184910377418335,0.5053613214924484,0.4803461790880872,0.3965842946256757,0.1572791027437447,70980,0.003027,DeepLearning
DeepLearning_grid_1_AutoML_1_20250925_84535_model_11,0.8888783181734914,0.7158329027316376,0.4936560068925779,0.4801929256745632,0.3986105369447761,0.1588903601634026,57986,0.003822,DeepLearning
DeepLearning_grid_1_AutoML_1_20250925_84535_model_3,0.8888036506120315,0.7147484885851919,0.4977202590716484,0.4820816810589924,0.3996349321772428,0.1597080790163094,95291,0.003073,DeepLearning
DeepLearning_grid_1_AutoML_1_20250925_84535_model_4,0.8886813889186668,0.7160091508589702,0.5132429586719551,0.4980878742685589,0.4006458286586456,0.1605170800215728,74776,0.002981,DeepLearning
GBM_grid_1_AutoML_1_20250925_84535_model_9,0.8885368288091331,0.7101639586457467,0.5001674335394806,0.4795146368921296,0.402326614193393,0.1618667044883193,90591,0.003262,GBM
XGBoost_1_AutoML_1_20250925_84535,0.8882668346231274,0.7084652186999199,0.5940905136687182,0.4767262563842729,0.453085590614698,0.2052865524226697,73563,0.001681,XGBoost
GBM_grid_1_AutoML_1_20250925_84535_model_4,0.8881523142289135,0.7093545221789134,0.5023430020548693,0.4731203542627285,0.4029778796376159,0.1623911714772289,96697,0.003374,GBM
DeepLearning_grid_1_AutoML_1_20250925_84535_model_2,0.8875523135141511,0.7177497049088508,0.5010234503234183,0.4761711132428456,0.3968155348671979,0.1574625687119403,77508,0.003046,DeepLearning
XGBoost_grid_1_AutoML_1_20250925_84535_model_10,0.8872732642281238,0.706299555425972,0.4931511078979632,0.4855244150238069,0.3995273211068483,0.1596220803108147,54198,0.001763,XGBoost
GBM_grid_1_AutoML_1_20250925_84535_model_11,0.8872017466467844,0.7075115199053192,0.5050956347148339,0.4761713805497143,0.4037460311052385,0.1630108576332322,117674,0.003322,GBM
XGBoost_grid_1_AutoML_1_20250925_84535_model_25,0.8870005943929318,0.7056839108107941,0.4942490625189134,0.4872213383668838,0.4001549382590315,0.1601239746130893,69336,0.001556,XGBoost
XRT_1_AutoML_1_20250925_84535,0.885896359840128,0.703836380510318,0.5328977968627877,0.4846575899887921,0.4178724855976169,0.1746174142195305,58276,0.002487,DRF
XGBoost_grid_1_AutoML_1_20250925_84535_model_19,0.8847293800798073,0.7002345004990158,0.5018260850990578,0.4940278304925406,0.4025158229387238,0.162018987716038,56787,0.001903,XGBoost
XGBoost_grid_1_AutoML_1_20250925_84535_model_21,0.8824966544492483,0.6973302042123058,0.5750953425420853,0.4821311029513907,0.4438096502488275,0.1969670056539866,131394,0.00185,XGBoost
GBM_grid_1_AutoML_1_20250925_84535_model_24,0.8794548567856533,0.6974857879274831,0.5060824698544644,0.4820877461524832,0.4067812436996496,0.1654709802258336,34734,0.001383,GBM
DeepLearning_grid_1_AutoML_1_20250925_84535_model_12,0.8692613929138603,0.6660428535927193,1.045441871916188,0.5,0.4597929087730266,0.2114095189579607,4449,0.001557,DeepLearning
